[{"id":2892018245,"title":"Blog Template","order":1,"templateKey":"blog","customTemplate":false,"customTemplateFilename":null,"pageLinks":[],"dateCreated":"2024-01-20T01:36:39.644Z","dateUpdated":"2024-01-20T01:36:40.858Z","folderId":null,"pageName":"Blog Template","sectionCount":1,"status":2},{"id":6749697,"title":"Post Template","order":2,"templateKey":"post","customTemplate":false,"customTemplateFilename":null,"pageLinks":[],"dateCreated":"2024-01-20T01:36:39.828Z","dateUpdated":"2024-01-20T01:36:40.861Z","folderId":null,"pageName":"Post Template","sectionCount":1,"status":2},{"id":744007305,"title":"Product List Template","order":3,"templateKey":"products","customTemplate":false,"customTemplateFilename":null,"pageLinks":[],"dateCreated":"2024-01-20T01:36:40.014Z","dateUpdated":"2024-01-20T01:36:40.861Z","folderId":null,"pageName":"Product List Template","sectionCount":1,"status":2},{"id":97737744,"title":"Product Details Template","order":4,"templateKey":"product","customTemplate":false,"customTemplateFilename":null,"pageLinks":[],"dateCreated":"2024-01-20T01:36:40.194Z","dateUpdated":"2024-01-20T01:36:40.862Z","folderId":null,"pageName":"Product Details Template","sectionCount":1,"status":2},{"id":15691694,"title":"Shopping Cart Template","order":5,"templateKey":"cart","customTemplate":false,"customTemplateFilename":null,"pageLinks":[],"dateCreated":"2024-01-20T01:36:40.353Z","dateUpdated":"2024-01-20T01:36:40.863Z","folderId":null,"pageName":"Shopping Cart Template","sectionCount":1,"status":2},{"id":96541657,"title":"Login Template","order":7,"templateKey":"login","customTemplate":false,"customTemplateFilename":null,"pageLinks":[],"dateCreated":"2024-01-20T01:36:40.546Z","dateUpdated":"2024-01-20T01:36:40.863Z","folderId":null,"pageName":"Login Template","sectionCount":1,"status":2},{"id":769527466,"title":"Password Template","order":8,"templateKey":"password","customTemplate":false,"customTemplateFilename":null,"pageLinks":[],"dateCreated":"2024-01-20T01:36:40.637Z","dateUpdated":"2024-01-20T01:36:40.863Z","folderId":null,"pageName":"Password Template","sectionCount":1,"status":2},{"id":235016821,"title":"404 Not Found Template","order":9,"templateKey":"404","customTemplate":false,"customTemplateFilename":null,"pageLinks":[],"dateCreated":"2024-01-20T01:36:40.719Z","dateUpdated":"2024-01-20T01:36:40.864Z","folderId":null,"pageName":"404 Not Found Template","sectionCount":1,"status":2},{"id":90835800,"title":"Thank You Template","order":10,"templateKey":"ThankYou","customTemplate":false,"customTemplateFilename":null,"pageLinks":[],"dateCreated":"2024-01-20T01:36:40.792Z","dateUpdated":"2024-01-20T01:36:40.864Z","folderId":null,"pageName":"Thank You Template","sectionCount":1,"status":2},{"id":529416682,"title":"Página 2","order":12,"templateKey":null,"customTemplate":false,"customTemplateFilename":null,"pageLinks":[],"dateCreated":"2024-01-20T01:50:12.763Z","dateUpdated":"2024-01-20T02:16:10.970Z","folderId":null,"pageName":"Página 2_529416682","sectionCount":8,"status":2}]